<?xml version="1.0" encoding="UTF-8"?>
<office:document-content xmlns:office="urn:oasis:names:tc:opendocument:xmlns:office:1.0" xmlns:style="urn:oasis:names:tc:opendocument:xmlns:style:1.0" xmlns:text="urn:oasis:names:tc:opendocument:xmlns:text:1.0" xmlns:table="urn:oasis:names:tc:opendocument:xmlns:table:1.0" xmlns:draw="urn:oasis:names:tc:opendocument:xmlns:drawing:1.0" xmlns:fo="urn:oasis:names:tc:opendocument:xmlns:xsl-fo-compatible:1.0" xmlns:xlink="http://www.w3.org/1999/xlink" xmlns:dc="http://purl.org/dc/elements/1.1/" xmlns:meta="urn:oasis:names:tc:opendocument:xmlns:meta:1.0" xmlns:number="urn:oasis:names:tc:opendocument:xmlns:datastyle:1.0" xmlns:svg="urn:oasis:names:tc:opendocument:xmlns:svg-compatible:1.0" xmlns:chart="urn:oasis:names:tc:opendocument:xmlns:chart:1.0" xmlns:dr3d="urn:oasis:names:tc:opendocument:xmlns:dr3d:1.0" xmlns:math="http://www.w3.org/1998/Math/MathML" xmlns:form="urn:oasis:names:tc:opendocument:xmlns:form:1.0" xmlns:script="urn:oasis:names:tc:opendocument:xmlns:script:1.0" xmlns:ooo="http://openoffice.org/2004/office" xmlns:ooow="http://openoffice.org/2004/writer" xmlns:oooc="http://openoffice.org/2004/calc" xmlns:dom="http://www.w3.org/2001/xml-events" xmlns:xforms="http://www.w3.org/2002/xforms" xmlns:xsd="http://www.w3.org/2001/XMLSchema" xmlns:xsi="http://www.w3.org/2001/XMLSchema-instance" xmlns:rpt="http://openoffice.org/2005/report" xmlns:of="urn:oasis:names:tc:opendocument:xmlns:of:1.2" xmlns:xhtml="http://www.w3.org/1999/xhtml" xmlns:grddl="http://www.w3.org/2003/g/data-view#" xmlns:officeooo="http://openoffice.org/2009/office" xmlns:tableooo="http://openoffice.org/2009/table" xmlns:drawooo="http://openoffice.org/2010/draw" xmlns:calcext="urn:org:documentfoundation:names:experimental:calc:xmlns:calcext:1.0" xmlns:loext="urn:org:documentfoundation:names:experimental:office:xmlns:loext:1.0" xmlns:field="urn:openoffice:names:experimental:ooo-ms-interop:xmlns:field:1.0" xmlns:formx="urn:openoffice:names:experimental:ooxml-odf-interop:xmlns:form:1.0" xmlns:css3t="http://www.w3.org/TR/css3-text/" office:version="1.2"><office:scripts/><office:font-face-decls><style:font-face style:name="Liberation Serif" svg:font-family="&apos;Liberation Serif&apos;, &apos;Times New Roman&apos;" style:font-family-generic="roman"/><style:font-face style:name="Times New Roman1" svg:font-family="&apos;Times New Roman&apos;" style:font-family-generic="roman"/><style:font-face style:name="FreeSans1" svg:font-family="FreeSans" style:font-family-generic="swiss"/><style:font-face style:name="Times New Roman" svg:font-family="&apos;Times New Roman&apos;" style:font-family-generic="roman" style:font-pitch="variable"/><style:font-face style:name="Droid Sans Fallback" svg:font-family="&apos;Droid Sans Fallback&apos;" style:font-family-generic="system" style:font-pitch="variable"/><style:font-face style:name="FreeSans" svg:font-family="FreeSans" style:font-family-generic="system" style:font-pitch="variable"/></office:font-face-decls><office:automatic-styles><style:style style:name="P1" style:family="paragraph" style:parent-style-name="Standard"><style:paragraph-properties fo:margin-left="0mm" fo:margin-right="0mm" fo:line-height="100%" fo:text-align="end" style:justify-single-word="false" fo:text-indent="12.51mm" style:auto-text-indent="false"/><style:text-properties style:font-name="Times New Roman" fo:font-size="14pt" fo:language="uk" fo:country="UA" officeooo:rsid="00070754" officeooo:paragraph-rsid="00070754" style:font-size-asian="14pt"/></style:style><style:style style:name="P2" style:family="paragraph" style:parent-style-name="Standard"><style:paragraph-properties fo:margin-left="0mm" fo:margin-right="0mm" fo:line-height="100%" fo:text-align="center" style:justify-single-word="false" fo:text-indent="12.51mm" style:auto-text-indent="false"/><style:text-properties style:font-name="Times New Roman" fo:font-size="14pt" fo:language="uk" fo:country="UA" officeooo:paragraph-rsid="00070754" style:font-size-asian="14pt" style:font-size-complex="14pt"/></style:style><style:style style:name="P3" style:family="paragraph" style:parent-style-name="Standard"><style:paragraph-properties fo:margin-left="0mm" fo:margin-right="0mm" fo:line-height="100%" fo:text-align="justify" style:justify-single-word="false" fo:text-indent="12.51mm" style:auto-text-indent="false"/><style:text-properties style:font-name="Times New Roman" fo:font-size="14pt" fo:language="uk" fo:country="UA" officeooo:rsid="00156501" officeooo:paragraph-rsid="0009f22a" style:font-size-asian="14pt" style:font-size-complex="14pt"/></style:style><style:style style:name="P4" style:family="paragraph" style:parent-style-name="Standard"><style:paragraph-properties fo:margin-left="0mm" fo:margin-right="0mm" fo:line-height="100%" fo:text-align="justify" style:justify-single-word="false" fo:text-indent="12.51mm" style:auto-text-indent="false"/><style:text-properties style:font-name="Times New Roman" fo:font-size="14pt" fo:language="uk" fo:country="UA" officeooo:rsid="0009f22a" officeooo:paragraph-rsid="0009f22a" style:font-size-asian="14pt"/></style:style><style:style style:name="P5" style:family="paragraph" style:parent-style-name="Standard"><style:paragraph-properties fo:margin-left="0mm" fo:margin-right="0mm" fo:line-height="100%" fo:text-align="end" style:justify-single-word="false" fo:text-indent="12.51mm" style:auto-text-indent="false"/><style:text-properties style:font-name="Times New Roman" fo:font-size="14pt" fo:language="uk" fo:country="UA" officeooo:paragraph-rsid="00070754" style:font-size-asian="14pt"/></style:style><style:style style:name="P6" style:family="paragraph" style:parent-style-name="Standard"><style:paragraph-properties fo:margin-left="0mm" fo:margin-right="0mm" fo:line-height="100%" fo:text-align="justify" style:justify-single-word="false" fo:text-indent="12.51mm" style:auto-text-indent="false"/><style:text-properties style:font-name="Times New Roman" fo:font-size="14pt" fo:language="uk" fo:country="UA" officeooo:paragraph-rsid="00070754" style:font-size-asian="14pt"/></style:style><style:style style:name="P7" style:family="paragraph" style:parent-style-name="Standard"><style:paragraph-properties fo:margin-left="0mm" fo:margin-right="0mm" fo:line-height="100%" fo:text-align="justify" style:justify-single-word="false" fo:text-indent="12.51mm" style:auto-text-indent="false"/><style:text-properties style:font-name="Times New Roman" fo:font-size="14pt" fo:language="uk" fo:country="UA" officeooo:paragraph-rsid="0009f22a" style:font-size-asian="14pt"/></style:style><style:style style:name="P8" style:family="paragraph" style:parent-style-name="Standard"><style:paragraph-properties fo:margin-left="0mm" fo:margin-right="0mm" fo:line-height="100%" fo:text-align="center" style:justify-single-word="false" fo:text-indent="12.51mm" style:auto-text-indent="false"/><style:text-properties style:font-name="Times New Roman" fo:font-size="14pt" fo:language="uk" fo:country="UA" fo:font-weight="bold" officeooo:paragraph-rsid="00070754" style:font-size-asian="14pt" style:font-weight-asian="bold" style:font-size-complex="16pt"/></style:style><style:style style:name="P9" style:family="paragraph" style:parent-style-name="Standard"><style:paragraph-properties fo:margin-left="0mm" fo:margin-right="0mm" fo:line-height="100%" fo:text-align="center" style:justify-single-word="false" fo:text-indent="12.51mm" style:auto-text-indent="false"/><style:text-properties style:font-name="Times New Roman" officeooo:paragraph-rsid="00070754"/></style:style><style:style style:name="P10" style:family="paragraph" style:parent-style-name="Standard"><style:paragraph-properties fo:margin-left="0mm" fo:margin-right="0mm" fo:line-height="100%" fo:text-align="justify" style:justify-single-word="false" fo:text-indent="12.51mm" style:auto-text-indent="false"/><style:text-properties style:font-name="Times New Roman" officeooo:paragraph-rsid="0009f22a"/></style:style><style:style style:name="P11" style:family="paragraph" style:parent-style-name="Standard"><style:paragraph-properties fo:line-height="100%" fo:text-align="justify" style:justify-single-word="false"/><style:text-properties style:font-name="Times New Roman" fo:font-size="14pt" style:font-size-asian="12.25pt" style:font-size-complex="14pt"/></style:style><style:style style:name="P12" style:family="paragraph" style:parent-style-name="Standard"><style:paragraph-properties fo:line-height="100%" fo:text-align="justify" style:justify-single-word="false"/><style:text-properties style:font-name="Times New Roman" fo:font-size="14pt" officeooo:paragraph-rsid="00092649" style:font-size-asian="12.25pt" style:font-size-complex="14pt"/></style:style><style:style style:name="P13" style:family="paragraph" style:parent-style-name="Standard" style:master-page-name="Standard"><style:paragraph-properties fo:margin-left="0mm" fo:margin-right="0mm" fo:line-height="100%" fo:text-align="end" style:justify-single-word="false" fo:text-indent="12.51mm" style:auto-text-indent="false" style:page-number="auto"/><style:text-properties style:font-name="Times New Roman" fo:font-size="14pt" fo:language="uk" fo:country="UA" officeooo:paragraph-rsid="00070754" style:font-size-asian="14pt"/></style:style><style:style style:name="P14" style:family="paragraph" style:parent-style-name="Standard" style:list-style-name="L1"><style:paragraph-properties fo:line-height="100%" fo:text-align="justify" style:justify-single-word="false"/><style:text-properties style:font-name="Times New Roman" fo:font-size="14pt" officeooo:rsid="0015d1dd" officeooo:paragraph-rsid="00092649" style:font-size-asian="12.25pt" style:font-size-complex="14pt"/></style:style><style:style style:name="P15" style:family="paragraph" style:parent-style-name="Standard" style:list-style-name="L1"><style:paragraph-properties fo:line-height="100%" fo:text-align="justify" style:justify-single-word="false"/><style:text-properties style:font-name="Times New Roman" fo:font-size="14pt" officeooo:rsid="00156501" officeooo:paragraph-rsid="00092649" style:font-size-asian="12.25pt" style:font-size-complex="14pt"/></style:style><style:style style:name="T1" style:family="text"><style:text-properties fo:font-size="14pt" fo:language="uk" fo:country="UA" style:font-size-asian="14pt"/></style:style><style:style style:name="T2" style:family="text"><style:text-properties fo:font-size="14pt" fo:language="uk" fo:country="UA" officeooo:rsid="00070754" style:font-size-asian="14pt"/></style:style><style:style style:name="T3" style:family="text"><style:text-properties fo:font-size="14pt" fo:language="uk" fo:country="UA" officeooo:rsid="0009f22a" style:font-size-asian="14pt"/></style:style><style:style style:name="T4" style:family="text"><style:text-properties fo:font-size="14pt" fo:language="uk" fo:country="UA" officeooo:rsid="000cdc08" style:font-size-asian="14pt"/></style:style><style:style style:name="T5" style:family="text"><style:text-properties officeooo:rsid="00070754"/></style:style><style:style style:name="T6" style:family="text"><style:text-properties officeooo:rsid="000916d8"/></style:style><style:style style:name="T7" style:family="text"><style:text-properties officeooo:rsid="00092649"/></style:style><style:style style:name="T8" style:family="text"><style:text-properties officeooo:rsid="000d760e"/></style:style><style:style style:name="T9" style:family="text"><style:text-properties officeooo:rsid="0009f22a"/></style:style><style:style style:name="T10" style:family="text"><style:text-properties style:font-size-complex="14pt"/></style:style><style:style style:name="T11" style:family="text"><style:text-properties officeooo:rsid="0009f22a" style:font-size-complex="14pt"/></style:style><text:list-style style:name="L1"><text:list-level-style-number text:level="1" text:style-name="Numbering_20_Symbols" style:num-suffix="." style:num-format="1"><style:list-level-properties text:list-level-position-and-space-mode="label-alignment"><style:list-level-label-alignment text:label-followed-by="listtab" text:list-tab-stop-position="12.7mm" fo:text-indent="-6.35mm" fo:margin-left="12.7mm"/></style:list-level-properties></text:list-level-style-number><text:list-level-style-number text:level="2" text:style-name="Numbering_20_Symbols" style:num-suffix="." style:num-format="1"><style:list-level-properties text:list-level-position-and-space-mode="label-alignment"><style:list-level-label-alignment text:label-followed-by="listtab" text:list-tab-stop-position="19.05mm" fo:text-indent="-6.35mm" fo:margin-left="19.05mm"/></style:list-level-properties></text:list-level-style-number><text:list-level-style-number text:level="3" text:style-name="Numbering_20_Symbols" style:num-suffix="." style:num-format="1"><style:list-level-properties text:list-level-position-and-space-mode="label-alignment"><style:list-level-label-alignment text:label-followed-by="listtab" text:list-tab-stop-position="25.4mm" fo:text-indent="-6.35mm" fo:margin-left="25.4mm"/></style:list-level-properties></text:list-level-style-number><text:list-level-style-number text:level="4" text:style-name="Numbering_20_Symbols" style:num-suffix="." style:num-format="1"><style:list-level-properties text:list-level-position-and-space-mode="label-alignment"><style:list-level-label-alignment text:label-followed-by="listtab" text:list-tab-stop-position="31.75mm" fo:text-indent="-6.35mm" fo:margin-left="31.75mm"/></style:list-level-properties></text:list-level-style-number><text:list-level-style-number text:level="5" text:style-name="Numbering_20_Symbols" style:num-suffix="." style:num-format="1"><style:list-level-properties text:list-level-position-and-space-mode="label-alignment"><style:list-level-label-alignment text:label-followed-by="listtab" text:list-tab-stop-position="38.1mm" fo:text-indent="-6.35mm" fo:margin-left="38.1mm"/></style:list-level-properties></text:list-level-style-number><text:list-level-style-number text:level="6" text:style-name="Numbering_20_Symbols" style:num-suffix="." style:num-format="1"><style:list-level-properties text:list-level-position-and-space-mode="label-alignment"><style:list-level-label-alignment text:label-followed-by="listtab" text:list-tab-stop-position="44.45mm" fo:text-indent="-6.35mm" fo:margin-left="44.45mm"/></style:list-level-properties></text:list-level-style-number><text:list-level-style-number text:level="7" text:style-name="Numbering_20_Symbols" style:num-suffix="." style:num-format="1"><style:list-level-properties text:list-level-position-and-space-mode="label-alignment"><style:list-level-label-alignment text:label-followed-by="listtab" text:list-tab-stop-position="50.8mm" fo:text-indent="-6.35mm" fo:margin-left="50.8mm"/></style:list-level-properties></text:list-level-style-number><text:list-level-style-number text:level="8" text:style-name="Numbering_20_Symbols" style:num-suffix="." style:num-format="1"><style:list-level-properties text:list-level-position-and-space-mode="label-alignment"><style:list-level-label-alignment text:label-followed-by="listtab" text:list-tab-stop-position="57.15mm" fo:text-indent="-6.35mm" fo:margin-left="57.15mm"/></style:list-level-properties></text:list-level-style-number><text:list-level-style-number text:level="9" text:style-name="Numbering_20_Symbols" style:num-suffix="." style:num-format="1"><style:list-level-properties text:list-level-position-and-space-mode="label-alignment"><style:list-level-label-alignment text:label-followed-by="listtab" text:list-tab-stop-position="63.5mm" fo:text-indent="-6.35mm" fo:margin-left="63.5mm"/></style:list-level-properties></text:list-level-style-number><text:list-level-style-number text:level="10" text:style-name="Numbering_20_Symbols" style:num-suffix="." style:num-format="1"><style:list-level-properties text:list-level-position-and-space-mode="label-alignment"><style:list-level-label-alignment text:label-followed-by="listtab" text:list-tab-stop-position="69.85mm" fo:text-indent="-6.35mm" fo:margin-left="69.85mm"/></style:list-level-properties></text:list-level-style-number></text:list-style></office:automatic-styles><office:body><office:text text:use-soft-page-breaks="true"><text:sequence-decls><text:sequence-decl text:display-outline-level="0" text:name="Illustration"/><text:sequence-decl text:display-outline-level="0" text:name="Table"/><text:sequence-decl text:display-outline-level="0" text:name="Text"/><text:sequence-decl text:display-outline-level="0" text:name="Drawing"/></text:sequence-decls><text:p text:style-name="P13">В спеціалізовану вчену раду</text:p><text:p text:style-name="P5"/><text:p text:style-name="P5">Д <text:span text:style-name="T5">26.002.04</text:span> в <text:span text:style-name="T5">НТУУ “КПІ”</text:span></text:p><text:p text:style-name="P5"/><text:p text:style-name="P5"><text:span text:style-name="T5">03056</text:span>, м. <text:span text:style-name="T5">Київ</text:span>, </text:p><text:p text:style-name="P5"/><text:p text:style-name="P1">просп. Перемоги, 37</text:p><text:p text:style-name="P6"/><text:p text:style-name="P6"/><text:p text:style-name="P8">Відгук</text:p><text:p text:style-name="P8"/><text:p text:style-name="P9"><text:span text:style-name="T1">на автореферат дисертації </text:span><text:span text:style-name="T2">Гуменного Дмитра Олександровича<text:line-break/></text:span><text:span text:style-name="T1">«</text:span><text:span text:style-name="T2">Автоматизація процесу керування усталеним рухом антропоморфного крокуючого апарата</text:span><text:span text:style-name="T1">», поданої на здобуття наукового ступеня кандидата </text:span><text:span text:style-name="T2">технічних наук</text:span><text:span text:style-name="T1"> за спеціальністю</text:span></text:p><text:p text:style-name="P2"><text:span text:style-name="T5">05</text:span>.<text:span text:style-name="T5">13</text:span>.0<text:span text:style-name="T5">7</text:span> – <text:span text:style-name="T5">автоматизація процесів керування</text:span></text:p><text:p text:style-name="P2"/><text:p text:style-name="P11"><text:tab/><text:span text:style-name="T6">Підвищення ефективності економіки України наможливе без впровадження автоматизованих систем різного призначення. Використання транспортних засобів у зонах з підвищеним ризиком для життя людини зумовлює необхідність широкого застосування антропоморфних крокуючих апаратів (АКА), задача управління якими істотно ускладнюється при довільній опорній поверхні. Звідси, тема даної дисертаційної роботи є актуальною і своєчасною.</text:span></text:p><text:p text:style-name="P11"><text:tab/><text:span text:style-name="T6">У роботі вдосконалено існуючі підходи до управління рухом АКА на довільній поверхні, зокрема, розроблені критерії усталеного руху АКА, система управління усталеним рухом АКА, вперше визначені залежності положення точки проекції центру мас АКА від розташування його ланок під час руху на довільній поверхні.</text:span></text:p><text:p text:style-name="P11"><text:tab/><text:span text:style-name="T6">Крім того, в роботі розроблено апаратно-програмний комплекс моніторингу та аналізу параметрів взаємодії АКА з довільною опорною поверхнею, що дає змогу здійснити практичну реалізацію запропоновану в роботі стратегію управління усталеним рухом АКА на довільній опорній поверхні.</text:span></text:p><text:p text:style-name="P12"><text:tab/><text:span text:style-name="T7">Незважаючи на результативність розв&apos;язання поставлених у дисертації задач, до автореферату дисертації є такі зауваження:</text:span></text:p><text:list xml:id="list6158811152938647888" text:style-name="L1"><text:list-item><text:p text:style-name="P14">У авторефераті у <text:span text:style-name="T7">третьому пункті </text:span>наукової новизни використовано термін “<text:span text:style-name="T7">н</text:span>айбільший запас стійкості”, який потребує додатковго уточнення.</text:p></text:list-item><text:list-item><text:p text:style-name="P15">У авторефераті, рисунки 7, 8 мають малу інформативну скадову, тому їм необхідно було б дати текстове пояснення.</text:p></text:list-item></text:list><text:p text:style-name="P10"><text:span text:style-name="T3">Незважаючи на наведені зауваження, у дисертації якісно і у повній мірі вирішені поставлені задачі управління усталеним рухом АКА на довільній ОП. <text:tab/>Застосовувані у роботі математичні методи ґрунтуються на класничних методах аналітичної динаміки у поєднанні з методами н</text:span><text:span text:style-name="T4">е</text:span><text:span text:style-name="T3">лінійної оптим</text:span><text:span text:style-name="T4">і</text:span><text:span text:style-name="T3">зації, що має право на подальше дослідження</text:span><text:span text:style-name="T1">. Особливо корисним буде </text:span><text:span text:style-name="T3">продовження роботи у</text:span><text:span text:style-name="T1"> контексті </text:span><text:span text:style-name="T3">пошуку граничних </text:span><text:span text:style-name="T4">у</text:span><text:span text:style-name="T3">мов збереження стійкості АКА на довільній поверхні у статичних та динамічних фазах </text:span><text:span text:style-name="T4">руху </text:span><text:span text:style-name="T3">апарата.</text:span></text:p><text:p text:style-name="P3"><text:soft-page-break/>Виходячи із змісту автореферату дисертації необхідно зробити висновок, що дисертація <text:span text:style-name="T8">Гуменного Д.О.</text:span> на здобуття наукового ступеня кандидата <text:span text:style-name="T8">технічних наук</text:span> відповідає встановленим вимогам, а її автор заслуговує на присудження наукового ступеня кандидата <text:span text:style-name="T8">технічних наук</text:span> за спеціальністю <text:span text:style-name="T8">05.13.07</text:span> — <text:span text:style-name="T8">автоматизація процесів керування</text:span>.</text:p><text:p text:style-name="P11"/><text:p text:style-name="P11"/><text:p text:style-name="P7">Завідувач кафедри <text:span text:style-name="T9">інформаційних технологій</text:span></text:p><text:p text:style-name="P4">і систем Національної металургійної академії</text:p><text:p text:style-name="P4">України, м. Дніпропетровськ,</text:p><text:p text:style-name="P7"><text:span text:style-name="T9">доктор технічних наук, професор</text:span><text:span text:style-name="T10"> <text:s text:c="28"/><text:tab/> <text:s text:c="3"/>О. </text:span><text:span text:style-name="T11">І</text:span><text:span text:style-name="T10">. </text:span><text:span text:style-name="T11">Михальов</text:span><text:span text:style-name="T10"> </text:span></text:p></office:text></office:body></office:document-content>