<?xml version="1.0" encoding="UTF-8"?>
<office:document-meta xmlns:office="urn:oasis:names:tc:opendocument:xmlns:office:1.0" xmlns:xlink="http://www.w3.org/1999/xlink" xmlns:dc="http://purl.org/dc/elements/1.1/" xmlns:meta="urn:oasis:names:tc:opendocument:xmlns:meta:1.0" xmlns:ooo="http://openoffice.org/2004/office" xmlns:grddl="http://www.w3.org/2003/g/data-view#" office:version="1.2"><office:meta><meta:initial-creator>Dmytro Humennyi</meta:initial-creator><meta:creation-date>2016-06-06T07:48:58.582340014</meta:creation-date><dc:date>2016-06-06T11:47:26.111096740</dc:date><dc:creator>Dmytro Humennyi</dc:creator><meta:editing-duration>PT26M6S</meta:editing-duration><meta:editing-cycles>7</meta:editing-cycles><meta:generator>LibreOffice/4.2.8.2$Linux_X86_64 LibreOffice_project/420m0$Build-2</meta:generator><meta:printed-by>Dmytro Humennyi</meta:printed-by><meta:print-date>2016-06-06T11:47:25.144335976</meta:print-date><meta:document-statistic meta:table-count="0" meta:image-count="0" meta:object-count="0" meta:page-count="2" meta:paragraph-count="19" meta:word-count="343" meta:character-count="2758" meta:non-whitespace-character-count="2394"/></office:meta></office:document-meta>